﻿{"cameraMode":{"drawMode":0,"name":"Shaded","section":"Shading Mode"},"sceneLighting":true,"audioPlay":false,"sceneViewState":{"showFog":true,"showMaterialUpdate":false,"showSkybox":true,"showFlares":true,"showImageEffects":true,"showParticleSystems":true},"in2DMode":false,"pivot":{"x":377.92388916015627,"y":38.126434326171878,"z":349.72540283203127},"rotation":{"x":0.009948885068297387,"y":0.9900497794151306,"z":-0.09833776205778122,"w":0.10016034543514252},"size":826.9661865234375,"orthographic":false}